{
    "providers": [
        {
            "type": "ttf",
            "file": "minecraft:negative_spaces.ttf",
            "shift": [0.0, 0.0],
            "size": 10.0,
            "oversample": 1.0
        },
        {
            "type": "bitmap",
            "file": "minecraft:font/background_2.png",
            "ascent": 8,
            "height": 130,
            "chars": [
                "\uEb00"
            ]
        },
        {
            "type": "bitmap",
            "file": "minecraft:font/iron_furnace_upgrade_craft.png",
            "ascent": 46,
            "height": 125,
            "chars": [
                "\uEb01"
            ]
        },
        {
            "type": "bitmap",
            "file": "minecraft:font/furnace_stone.png",
            "ascent": 5,
            "height": 16,
            "chars": [
                "\uEb02"
            ]
        },
        {
            "type": "bitmap",
            "file": "minecraft:font/furnace_iron.png",
            "ascent": 5,
            "height": 16,
            "chars": [
                "\uEb03"
            ]
        },
        {
            "type": "bitmap",
            "file": "minecraft:font/iron_furnace_upgrade.png",
            "ascent": 5,
            "height": 16,
            "chars": [
                "\uEb04"
            ]
        },
        {
            "type": "bitmap",
            "file": "minecraft:font/gold_furnace_upgrade_craft.png",
            "ascent": 46,
            "height": 125,
            "chars": [
                "\uEb05"
            ]
        },
        {
            "type": "bitmap",
            "file": "minecraft:font/furnace_gold.png",
            "ascent": 5,
            "height": 16,
            "chars": [
                "\uEb06"
            ]
        },
        {
            "type": "bitmap",
            "file": "minecraft:font/gold_furnace_upgrade.png",
            "ascent": 5,
            "height": 16,
            "chars": [
                "\uEb07"
            ]
        },
        {
            "type": "bitmap",
            "file": "minecraft:font/diamond_furnace_upgrade_craft.png",
            "ascent": 46,
            "height": 125,
            "chars": [
                "\uEb08"
            ]
        },
        {
            "type": "bitmap",
            "file": "minecraft:font/furnace_diamond.png",
            "ascent": 5,
            "height": 16,
            "chars": [
                "\uEb09"
            ]
        },
        {
            "type": "bitmap",
            "file": "minecraft:font/diamond_furnace_upgrade.png",
            "ascent": 5,
            "height": 16,
            "chars": [
                "\uEb0A"
            ]
        },
        {
            "type": "bitmap",
            "file": "minecraft:font/netherite_furnace_upgrade_craft.png",
            "ascent": 46,
            "height": 125,
            "chars": [
                "\uEb0B"
            ]
        },
        {
            "type": "bitmap",
            "file": "minecraft:font/furnace_netherite.png",
            "ascent": 5,
            "height": 16,
            "chars": [
                "\uEb0C"
            ]
        },
        {
            "type": "bitmap",
            "file": "minecraft:font/netherite_furnace_upgrade.png",
            "ascent": 5,
            "height": 16,
            "chars": [
                "\uEb0D"
            ]
        }
    ]
}