{
    "providers": [
        {
            "type": "bitmap",
            "file": "minecraft:gui/background.png",
            "ascent": 27,
            "height": 40,
            "chars": [
                "\uE000"
            ]
        },
        {
            "type": "bitmap",
            "file": "minecraft:gui/menu/gui_l_1.png",
            "ascent": 27,
            "height": 40,
            "chars": [
                "\uE001"
            ]
        },
        {
            "type": "bitmap",
            "file": "minecraft:gui/menu/gui_r_1.png",
            "ascent": 27,
            "height": 40,
            "chars": [
                "\uE002"
            ]
        },
        {
            "type": "bitmap",
            "file": "minecraft:gui/menu/ab_1_np.png",
            "ascent": 27,
            "height": 40,
            "chars": [
                "\uE003"
            ]
        },
        {
            "type": "bitmap",
            "file": "minecraft:gui/menu/ab_2_np.png",
            "ascent": 27,
            "height": 40,
            "chars": [
                "\uE004"
            ]
        },
        {
            "type": "bitmap",
            "file": "minecraft:gui/menu/ab_3_np.png",
            "ascent": 27,
            "height": 40,
            "chars": [
                "\uE005"
            ]
        },
        {
            "type": "bitmap",
            "file": "minecraft:gui/menu/ab_4_np.png",
            "ascent": 27,
            "height": 40,
            "chars": [
                "\uE006"
            ]
        },
        {
            "type": "bitmap",
            "file": "minecraft:gui/menu/ab_5_np.png",
            "ascent": 27,
            "height": 40,
            "chars": [
                "\uE007"
            ]
        },
        {
            "type": "bitmap",
            "file": "minecraft:gui/menu/ab_6_np.png",
            "ascent": 27,
            "height": 40,
            "chars": [
                "\uE008"
            ]
        },
        {
            "type": "bitmap",
            "file": "minecraft:gui/menu/ab_7_np.png",
            "ascent": 27,
            "height": 40,
            "chars": [
                "\uE009"
            ]
        },
        {
            "type": "bitmap",
            "file": "minecraft:gui/menu/ab_8_np.png",
            "ascent": 27,
            "height": 40,
            "chars": [
                "\uE00A"
            ]
        },
        {
            "type": "bitmap",
            "file": "minecraft:gui/menu/ab_9_np.png",
            "ascent": 27,
            "height": 40,
            "chars": [
                "\uE00B"
            ]
        },
        {
            "type": "bitmap",
            "file": "minecraft:gui/menu/pointer.png",
            "ascent": 27,
            "height": 40,
            "chars": [
                "\uE00C"
            ]
        },
        {
            "type": "bitmap",
            "file": "minecraft:gui/menu/ab_6_unlocked.png",
            "ascent": 27,
            "height": 40,
            "chars": [
                "\uE00D"
            ]
        },
        {
            "type": "bitmap",
            "file": "minecraft:gui/menu/ab_7_unlocked.png",
            "ascent": 27,
            "height": 40,
            "chars": [
                "\uE00E"
            ]
        },
        {
            "type": "bitmap",
            "file": "minecraft:gui/menu/ab_8_unlocked.png",
            "ascent": 27,
            "height": 40,
            "chars": [
                "\uE00F"
            ]
        },
        {
            "type": "bitmap",
            "file": "minecraft:gui/menu/ab_9_unlocked.png",
            "ascent": 27,
            "height": 40,
            "chars": [
                "\uE010"
            ]
        }
    ]
}