{
	"parent": "item/handheld",
	"textures": {
		"layer0": "item/bow"
	},
	"overrides": [
		{"predicate": { "custom_model_data": 112350, "pulling": 0}, "model": "item/diamond_bow/base" },
		{"predicate": { "custom_model_data": 112350, "pulling": 1}, "model": "item/diamond_bow/0" },
		{"predicate": { "custom_model_data": 112350, "pulling": 1, "pull": 0.65}, "model": "item/diamond_bow/1" },
		{"predicate": { "custom_model_data": 112350, "pulling": 1, "pull": 0.9}, "model": "item/diamond_bow/2" },
		
		{"predicate": { "custom_model_data": 112351, "pulling": 0}, "model": "item/netherite_bow/base" },
		{"predicate": { "custom_model_data": 112351, "pulling": 1}, "model": "item/netherite_bow/0" },
		{"predicate": { "custom_model_data": 112351, "pulling": 1, "pull": 0.65}, "model": "item/netherite_bow/1" },
		{"predicate": { "custom_model_data": 112351, "pulling": 1, "pull": 0.9}, "model": "item/netherite_bow/2" }
	]
}
