{
 "parent": "item/generated",
 "textures": {
  "layer0": "item/glow_item_frame"
 },

 "overrides": [
  { "predicate": {"custom_model_data": 361900}, "model": "items/iron_furnace_upgrade"},
  { "predicate": {"custom_model_data": 361901}, "model": "items/iron_furnace"},
  { "predicate": {"custom_model_data": 361902}, "model": "blocks/iron_furnace"},
  { "predicate": {"custom_model_data": 361903}, "model": "items/gold_furnace_upgrade"},
  { "predicate": {"custom_model_data": 361904}, "model": "items/gold_furnace"},
  { "predicate": {"custom_model_data": 361905}, "model": "blocks/gold_furnace"},
  { "predicate": {"custom_model_data": 361906}, "model": "items/diamond_furnace_upgrade"},
  { "predicate": {"custom_model_data": 361907}, "model": "items/diamond_furnace"},
  { "predicate": {"custom_model_data": 361908}, "model": "blocks/diamond_furnace"},
  { "predicate": {"custom_model_data": 361909}, "model": "items/netherite_furnace_upgrade"},
  { "predicate": {"custom_model_data": 361921}, "model": "items/netherite_furnace"},
  { "predicate": {"custom_model_data": 361922}, "model": "blocks/netherite_furnace"}
 ]
}